{
  "chromadb": {
    "system": "chromadb",
    "retrieval": {
      "recall_at_1": 0.47,
      "recall_at_3": 0.69,
      "recall_at_5": 0.785,
      "recall_at_10": 0.9,
      "mrr": 0.6078,
      "ndcg_at_5": 0.5985
    },
    "phase_latency": {
      "retrieval": {
        "store": {
          "count": 1000,
          "mean": 0.707992,
          "min": 0.681868,
          "max": 0.896309,
          "p50": 0.703267,
          "p95": 0.737646,
          "p99": 0.761025
        },
        "recall": {
          "count": 200,
          "mean": 0.699468,
          "min": 0.658581,
          "max": 0.734241,
          "p50": 0.696105,
          "p95": 0.721179,
          "p99": 0.732011
        }
      },
      "temporal": {
        "store": {
          "count": 146,
          "mean": 0.701134,
          "min": 0.679833,
          "max": 0.757134,
          "p50": 0.698149,
          "p95": 0.72159,
          "p99": 0.736486
        },
        "recall": {
          "count": 50,
          "mean": 0.70107,
          "min": 0.686491,
          "max": 0.749068,
          "p50": 0.69665,
          "p95": 0.727356,
          "p99": 0.744601
        }
      },
      "dedup": {
        "store": {
          "count": 100,
          "mean": 0.704748,
          "min": 0.686002,
          "max": 0.854458,
          "p50": 0.698354,
          "p95": 0.732521,
          "p99": 0.810171
        },
        "recall": {
          "count": 50,
          "mean": 0.701559,
          "min": 0.683673,
          "max": 0.751693,
          "p50": 0.696042,
          "p95": 0.732633,
          "p99": 0.74565
        }
      }
    },
    "temporal": {
      "recency_at_1": 0.14,
      "recency_at_3": 0.94,
      "mrr": 0.4883,
      "mean_rank": 2.38
    },
    "dedup": {
      "consolidation_rate": 0.0,
      "recall_after_dedup": 1.0
    },
    "latency": {
      "store": {
        "count": 100,
        "mean": 0.700238,
        "min": 0.684138,
        "max": 0.747861,
        "p50": 0.696379,
        "p95": 0.726107,
        "p99": 0.728467
      },
      "recall": {
        "count": 50,
        "mean": 0.700134,
        "min": 0.676793,
        "max": 0.759083,
        "p50": 0.694068,
        "p95": 0.727756,
        "p99": 0.745461
      }
    }
  },
  "mem0": {
    "system": "mem0",
    "retrieval": {
      "recall_at_1": 0.47,
      "recall_at_3": 0.69,
      "recall_at_5": 0.785,
      "recall_at_10": 0.9,
      "mrr": 0.6078,
      "ndcg_at_5": 0.5985
    },
    "phase_latency": {
      "retrieval": {
        "store": {
          "count": 1000,
          "mean": 0.016994,
          "min": 0.009097,
          "max": 0.157646,
          "p50": 0.015994,
          "p95": 0.026971,
          "p99": 0.036513
        },
        "recall": {
          "count": 200,
          "mean": 0.013381,
          "min": 0.010352,
          "max": 0.162963,
          "p50": 0.012284,
          "p95": 0.014287,
          "p99": 0.025644
        }
      },
      "temporal": {
        "store": {
          "count": 146,
          "mean": 0.012356,
          "min": 0.009236,
          "max": 0.018571,
          "p50": 0.012301,
          "p95": 0.015055,
          "p99": 0.016174
        },
        "recall": {
          "count": 50,
          "mean": 0.00664,
          "min": 0.005315,
          "max": 0.008306,
          "p50": 0.006645,
          "p95": 0.008194,
          "p99": 0.008268
        }
      },
      "dedup": {
        "store": {
          "count": 100,
          "mean": 0.01645,
          "min": 0.01149,
          "max": 0.027944,
          "p50": 0.016112,
          "p95": 0.019989,
          "p99": 0.025875
        },
        "recall": {
          "count": 50,
          "mean": 0.009957,
          "min": 0.008349,
          "max": 0.018406,
          "p50": 0.009482,
          "p95": 0.012034,
          "p99": 0.015457
        }
      }
    },
    "temporal": {
      "recency_at_1": 0.14,
      "recency_at_3": 0.94,
      "mrr": 0.4883,
      "mean_rank": 2.38
    },
    "dedup": {
      "consolidation_rate": 0.0,
      "recall_after_dedup": 1.0
    },
    "latency": {
      "store": {
        "count": 100,
        "mean": 0.016373,
        "min": 0.012686,
        "max": 0.021893,
        "p50": 0.016355,
        "p95": 0.018672,
        "p99": 0.019551
      },
      "recall": {
        "count": 50,
        "mean": 0.008144,
        "min": 0.005696,
        "max": 0.012579,
        "p50": 0.007601,
        "p95": 0.011945,
        "p99": 0.012399
      }
    }
  },
  "sediment": {
    "system": "sediment",
    "retrieval": {
      "recall_at_1": 0.5,
      "recall_at_3": 0.69,
      "recall_at_5": 0.775,
      "recall_at_10": 0.895,
      "mrr": 0.6191,
      "ndcg_at_5": 0.5868
    },
    "phase_latency": {
      "retrieval": {
        "store": {
          "count": 1000,
          "mean": 0.181841,
          "min": 0.024121,
          "max": 0.86317,
          "p50": 0.17073,
          "p95": 0.315009,
          "p99": 0.620133
        },
        "recall": {
          "count": 200,
          "mean": 0.614186,
          "min": 0.515065,
          "max": 1.365478,
          "p50": 0.571631,
          "p95": 0.847619,
          "p99": 1.230159
        }
      },
      "temporal": {
        "store": {
          "count": 146,
          "mean": 0.017224,
          "min": 0.013336,
          "max": 0.025226,
          "p50": 0.01717,
          "p95": 0.019946,
          "p99": 0.023547
        },
        "recall": {
          "count": 50,
          "mean": 0.023119,
          "min": 0.021019,
          "max": 0.025259,
          "p50": 0.023109,
          "p95": 0.024659,
          "p99": 0.025041
        }
      },
      "dedup": {
        "store": {
          "count": 100,
          "mean": 0.041278,
          "min": 0.021812,
          "max": 0.058817,
          "p50": 0.042296,
          "p95": 0.054275,
          "p99": 0.057924
        },
        "recall": {
          "count": 50,
          "mean": 0.098736,
          "min": 0.075308,
          "max": 0.348773,
          "p50": 0.084951,
          "p95": 0.142942,
          "p99": 0.269916
        }
      }
    },
    "temporal": {
      "recency_at_1": 1.0,
      "recency_at_3": 1.0,
      "mrr": 1.0,
      "mean_rank": 1.0
    },
    "dedup": {
      "consolidation_rate": 0.99,
      "recall_after_dedup": 1.0
    },
    "latency": {
      "store": {
        "count": 100,
        "mean": 0.048006,
        "min": 0.022119,
        "max": 0.091159,
        "p50": 0.048507,
        "p95": 0.061977,
        "p99": 0.087975
      },
      "recall": {
        "count": 50,
        "mean": 0.104713,
        "min": 0.097998,
        "max": 0.148707,
        "p50": 0.103264,
        "p95": 0.109258,
        "p99": 0.131746
      }
    }
  }
}